indicator_id,source_note,organization
1,Urban population refers to people living in urban areas as defined by national statistical offices. The data are collected and smoothed by United Nations Population Division.,"World Urbanization Prospects, United Nations (UN), uri: https://population.un.org/wup/, note: United Nations Population Division's World Urbanization Prospects, National definitions, publisher: UN Population Division"
2,Urban population refers to people living in urban areas as defined by national statistical offices. It is calculated using World Bank population estimates and urban ratios from the United Nations World Urbanization Prospects. Aggregation of urban and rural population may not add up to total population because of different country coverages.,"World Urbanization Prospects, United Nations (UN), uri: https://population.un.org/wup/, note: World Bank staff estimates based on the United Nations Population Division's World Urbanization Prospects, National definitions, publisher: UN Population Division;
Staff estimates, World Bank (WB), note: World Bank staff estimates based on the United Nations Population Division's World Urbanization Prospects, National definitions"
3,"Annual urban population growth rate for year t is the exponential rate of growth of midyear urban population from year t-1 to t, expressed as a percentage. Urban population refers to people living in urban areas as defined by national statistical offices. It is calculated using World Bank total population estimates and urban ratios from the United Nations World Urbanization Prospects.","World Urbanization Prospects, United Nations (UN), uri: https://population.un.org/wup/, note: World Bank staff estimates based on the United Nations Population Division's World Urbanization Prospects, National definitions, publisher: UN Population Division;
Staff estimates, World Bank (WB), note: World Bank staff estimates based on the United Nations Population Division's World Urbanization Prospects, National definitions"
4,"Total population is based on the de facto definition of population, which counts all residents regardless of legal status or citizenship. The values shown are midyear estimates.","World Population Prospects, United Nations (UN), uri: https://population.un.org/wpp/, publisher: UN Population Division;
Statistical databases and publications from national statistical offices, National Statistical Offices (NSOs), uri: https://unstats.un.org/home/nso_sites/, publisher: National Statistical Offices;
Eurostat: Demographic Statistics, Eurostat (ESTAT), uri: https://ec.europa.eu/eurostat/data/database?node_code=earn_ses_monthly, publisher: Eurostat;
Population and Vital Statistics Report (various years), United Nations (UN), uri: https://unstats.un.org, publisher: UN Statistics Division"
5,"Annual population growth rate for year t is the exponential rate of growth of midyear population from year t-1 to t, expressed as a percentage. Population is based on the de facto definition of population, which counts all residents regardless of legal status or citizenship.","World Population Prospects, United Nations (UN), note: Derived from total population, publisher: UN Population Division;
Statistical databases and publications from national statistical offices, National Statistical Offices (NSOs), note: Derived from total population;
Demographic Statistics, Eurostat (ESTAT), note: Derived from total population;
Population and Vital Statistics Report (various years), United Nations (UN), note: Derived from total population, publisher: UN Statistical Division"
6,"Poverty headcount ratio at $3.00 a day is the percentage of the population living on less than $3.00 a day at 2021 purchasing power adjusted prices. As a result of revisions in PPP exchange rates, poverty rates for individual countries cannot be compared with poverty rates reported in earlier editions.","World Bank, Poverty and Inequality Platform. Data are based on primary household survey data obtained from government statistical agencies and World Bank country departments. Data for high-income economies are mostly from the Luxembourg Income Study database. For more information and methodology, please see http://pip.worldbank.org., World Bank (WB), uri: http://pip.worldbank.org, note: Data are based on primary household survey data obtained from government statistical agencies and World Bank country departments. Data for high-income economies are mostly from the Luxembourg Income Study database."
7,Prevalence of underweight children is the percentage of children under age 5 whose weight for age is more than two standard deviations below the median for the international reference population ages 0-59 months. The data are based on the WHO's 2006 Child Growth Standards.,"UNICEF, WHO, World Bank: Joint child Malnutrition Estimates (JME). Aggregation is based on UNICEF, WHO, and the World Bank harmonized dataset (adjusted, comparable data) and methodology., UN Children's Fund (UNICEF), note: Aggregation is based on UNICEF, WHO, and the World Bank harmonized dataset (adjusted, comparable data) and methodology;
World Health Organization (WHO), note: Joint child Malnutrition Estimates (JME); Aggregation is based on UNICEF, WHO, and the World Bank harmonized dataset (adjusted, comparable data) and methodology;
World Bank (WB), note: Joint child Malnutrition Estimates (JME); Aggregation is based on UNICEF, WHO, and the World Bank harmonized dataset (adjusted, comparable data) and methodology"
8,"Community health workers include various types of community health aides, many with country-specific occupational titles such as community health officers, community health-education workers, family health workers, lady health visitors and health extension package workers.","Global Health Workforce Statistics, World Health Organization (WHO);
Organisation for Economic Co-operation and Development (OECD);
Country data"
9,"Under-five mortality rate is the probability per 1,000 that a newborn baby will die before reaching age five, if subject to age-specific mortality rates of the specified year.","UN Inter-agency Group for Child Mortality Estimation, UN Children's Fund (UNICEF), uri: www.childmortality.org, publisher: UNICEF, WHO, World Bank, United Nations Population Division;
World Health Organization (WHO), uri: www.childmortality.org, note: UN Inter-agency Group for Child Mortality Estimation;
World Bank (WB), uri: www.childmortality.org, note: UN Inter-agency Group for Child Mortality Estimation;
United Nations (UN), uri: www.childmortality.org, note: UN Inter-agency Group for Child Mortality Estimation, publisher: UN Population Division"
10,"Primary completion rate, or gross intake ratio to the last grade of primary education, is the number of new entrants (enrollments minus repeaters) in the last grade of primary education, regardless of age, divided by the population at the entrance age for the last grade of primary education. Data limitations preclude adjusting for students who drop out during the final year of primary education.","Data API, UN Educational, Scientific and Cultural Organization (UNESCO), uri: https://databrowser.uis.unesco.org/resources, note: The data are obtained through the UIS API.  Detailed documentation is available at: https://api.uis.unesco.org/api/public/documentation/, publisher: UNESCO Institute for Statistics (UIS), type: Bulk file (csv), date accessed: 2026-03-19, date published: 2026-02"
11,Gender parity index for gross enrollment ratio in primary and secondary education is the ratio of girls to boys enrolled at primary and secondary levels in public and private schools.,"Stat Bulk Data Download Service, UN Educational, Scientific and Cultural Organization (UNESCO), uri: https://uis.unesco.org/bdds, publisher: UNESCO Institute for Statistics (UIS)"
12,"Agriculture, forestry, and fishing corresponds to ISIC (Rev. 4) divisions 01-03 and includes the exploitation of vegetal and animal natural resources, comprising the activities of growing of crops, raising and breeding of animals, harvesting of timber and other plants, animals or animal products from a farm or their natural habitats.Value added is the contribution to the economy by a producer or an industry or an institutional sector, which is estimated by the total value of output produced and deducting the total value of intermediate consumption of goods and services used to produce that output. This indicator is expressed as a percentage of Gross Domestic Product (GDP) which is the total income earned through the production of goods and services in an economic territory during an accounting period. Note: For VAB countries, gross value added at factor cost is used as the denominator.","Country official statistics, National Statistical Organizations and/or Central Banks;
National Accounts data files, Organisation for Economic Co-operation and Development (OECD);
Staff estimates, World Bank (WB)"
13,"The Country Policy and Institutional Assessment (CPIA) measures the extent to which a country’s policy and institutional framework supports sustainable growth and poverty reduction, and consequently the effective use of development assistance. The outcome of the exercise yields both an overall score and scores for sixteen criteria that compose the CPIA. These criteria include: A. Economic Management (1. Monetary and Exchange Rate Policies; 2. Fiscal Policy; 3. Debt Policy and Management), B. Structural Policies (4. Trade; 5. Financial Sector; 6. Business Regulatory Environment), C. Policies for Social Inclusion/Equity (7. Gender equality; 8. Equity of public resource use; 9. Building human resources; 10. Social protection and labor; 11. Policies and institutions for environmental sustainability), D. Public Sector Management and Institutions (12. Property rights and rule-based governance; 13. Quality of budgetary and financial management; 14. Efficiency of revenue mobilization; 15. Quality of public administration; 16. Transparency, accountability, and corruption in the public sector).

The Public Sector Management and Institutions cluster includes property rights and rule-based governance, quality of budgetary and financial management, efficiency of revenue mobilization, quality of public administration, and transparency, accountability, and corruption in the public sector.","CPIA database, World Bank Group (WBG), uri: https://datacatalog.worldbank.org/int/search/dataset/0038988"
14,"Terrestrial protected areas are totally or partially protected areas of at least 1,000 hectares that are designated by national authorities as scientific reserves with limited public access, national parks, natural monuments, nature reserves or wildlife sanctuaries, protected landscapes, and areas managed mainly for sustainable use. Marine protected areas are areas of intertidal or subtidal terrain--and overlying water and associated flora and fauna and historical and cultural features--that have been reserved by law or other effective means to protect part or all of the enclosed environment. Sites protected under local or provincial law are excluded.","Protected Planet: The World Database on Protected Areas (WDPA) and World Database on Other Effective Area-based Conservation Measures (WD-OECM), UN Environment Programme World Conservation Monitoring Centre (UNEP-WCMC), uri: https://www.protectedplanet.net/en, publisher: Protected Planet, date accessed: 20240516, date published: 202405;
International Union for Conservation of Nature (IUCN), uri: https://www.protectedplanet.net/en, publisher: Protected Planet, date accessed: 20240516"
15,Marine protected areas are areas of intertidal or subtidal terrain--and overlying water and associated flora and fauna and historical and cultural features--that have been reserved by law or other effective means to protect part or all of the enclosed environment.,"Protected Planet: The World Database on Protected Areas (WDPA) and World Database on Other Effective Area-based Conservation Measures (WD-OECM), UN Environment Programme World Conservation Monitoring Centre (UNEP-WCMC), uri: https://www.protectedplanet.net/en, note: Only the latest data can be retrieved from the Protected Planet website. The time series are provided directly to WDI by Protected Planet., publisher: Protected Planet, date accessed: 20240516, date published: 202405;
International Union for Conservation of Nature (IUCN), uri: https://www.protectedplanet.net/en, publisher: Protected Planet, date accessed: 20240516"
16,"Terrestrial protected areas are totally or partially protected areas of at least 1,000 hectares that are designated by national authorities as scientific reserves with limited public access, national parks, natural monuments, nature reserves or wildlife sanctuaries, protected landscapes, and areas managed mainly for sustainable use. Marine areas, unclassified areas, littoral (intertidal) areas, and sites protected under local or provincial law are excluded.","Protected Planet: The World Database on Protected Areas (WDPA) and World Database on Other Effective Area-based Conservation Measures (WD-OECM), UN Environment Programme World Conservation Monitoring Centre (UNEP-WCMC), uri: https://www.protectedplanet.net/en, publisher: Protected Planet, date accessed: 20240516, date published: 202405;
International Union for Conservation of Nature (IUCN), uri: https://www.protectedplanet.net/en, publisher: Protected Planet, date accessed: 20240516"
17,"Annual freshwater withdrawals refer to total water withdrawals, not counting evaporation losses from storage basins. Withdrawals also include water from desalination plants in countries where they are a significant source. Withdrawals can exceed 100 percent of total renewable resources where extraction from nonrenewable aquifers or desalination plants is considerable or where there is significant water reuse. Withdrawals for agriculture and industry are total withdrawals for irrigation and livestock production and for direct industrial use (including withdrawals for cooling thermoelectric plants). Withdrawals for domestic uses include drinking water, municipal use or supply, and use for public services, commercial establishments, and homes. Data are for the most recent year available for 1987-2002.","AQUASTAT - FAO's Global Information System on Water and Agriculture, Food and Agriculture Organization of the United Nations (FAO), uri: https://data.apps.fao.org/aquastat/, publisher: Food and Agriculture Organization of the United Nations (FAO), date accessed: 20240529"
18,"Annual freshwater withdrawals refer to total water withdrawals, not counting evaporation losses from storage basins. Withdrawals also include water from desalination plants in countries where they are a significant source. Withdrawals can exceed 100 percent of total renewable resources where extraction from nonrenewable aquifers or desalination plants is considerable or where there is significant water reuse. Withdrawals for agriculture and industry are total withdrawals for irrigation and livestock production and for direct industrial use (including withdrawals for cooling thermoelectric plants). Withdrawals for domestic uses include drinking water, municipal use or supply, and use for public services, commercial establishments, and homes.","AQUASTAT - FAO's Global Information System on Water and Agriculture, Food and Agriculture Organization of the United Nations (FAO), uri: https://data.apps.fao.org/aquastat/, publisher: Food and Agriculture Organization of the United Nations (FAO), date accessed: 20240529"
19,Population in urban agglomerations of more than one million is the percentage of a country's population living in metropolitan areas that in 2018 had a population of more than one million people.,"World Urbanization Prospects 2018, United Nations (UN), uri: https://population.un.org/wup/, publisher: UN Population Division, date published: 2018"
20,Population below 5m is the percentage of the total population living in areas where the elevation is 5 meters or less.,"Low Elevation Coastal Zone (LECZ) Urban-Rural Population and Land Area Estimates, Version 3, Center For International Earth Science Information Network (CIESIN) - Columbia University, uri: https://doi.org/10.7927/d1x1-d702, publisher: NASA Earthdata GIS, date accessed: 202112, date published: 202112;
CUNY Institute for Demographic Research (CIDR) - City University of New York, uri: https://doi.org/10.7927/d1x1-d702, publisher: NASA Earthdata GIS, date accessed: 202112"
21,"Urban population below 5m is the percentage of the total population, living in areas where the elevation is 5 meters or less.","Low Elevation Coastal Zone (LECZ) Urban-Rural Population and Land Area Estimates, Version 3, Center For International Earth Science Information Network (CIESIN) - Columbia University, uri: https://doi.org/10.7927/d1x1-d702, publisher: NASA Earthdata GIS, date accessed: 202112, date published: 202112;
CUNY Institute for Demographic Research (CIDR) - City University of New York, uri: https://doi.org/10.7927/d1x1-d702, publisher: NASA Earthdata GIS, date accessed: 202112"
22,"Rural population below 5m is the percentage of the total population, living in areas where the elevation is 5 meters or less.","Low Elevation Coastal Zone (LECZ) Urban-Rural Population and Land Area Estimates, Version 3, Center For International Earth Science Information Network (CIESIN) - Columbia University, uri: https://doi.org/10.7927/d1x1-d702, publisher: NASA Earthdata GIS, date accessed: 202112, date published: 202112;
CUNY Institute for Demographic Research (CIDR) - City University of New York, uri: https://doi.org/10.7927/d1x1-d702, publisher: NASA Earthdata GIS, date accessed: 202112"
23,"Droughts, floods and extreme temperatures is the annual average percentage of the population that is affected by natural disasters classified as either droughts, floods, or extreme temperature events. A drought is an extended period of time characterized by a deficiency in a region's water supply that is the result of constantly below average precipitation. A drought can lead to losses to agriculture, affect inland navigation and hydropower plants, and cause a lack of drinking water and famine. A flood is a significant rise of water level in a stream, lake, reservoir or coastal region. Extreme temperature events are either cold waves or heat waves. A cold wave can be both a prolonged period of excessively cold weather and the sudden invasion of very cold air over a large area. Along with frost it can cause damage to agriculture, infrastructure, and property. A heat wave is a prolonged period of excessively hot and sometimes also humid weather relative to normal climate patterns of a certain region. Population affected is the number of people injured, left homeless or requiring immediate assistance during a period of emergency resulting from a natural disaster; it can also include displaced or evacuated people. Average percentage of population affected is calculated by dividing the sum of total affected for the period stated by the sum of the annual population figures for the period stated.","EM-DAT The International Disaster Database, Centre for Research on the Epidemiology of Disasters (CRED) - Université Catholique de Louvain, uri: https://www.emdat.be/"
24,"Disaster risk reduction progress score is an average of self-assessment scores, ranging from 1 to 5, submitted by countries under Priority 1 of the Hyogo Framework National Progress Reports. The Hyogo Framework is a global blueprint for disaster risk reduction efforts that was adopted by 168 countries in 2005. Assessments of ""Priority 1"" include four indicators that reflect the degree to which countries have prioritized disaster risk reduction and the strengthening of relevant institutions.","2009-2011 Progress Reports, UN Office for Disaster Risk Reduction (UNDRR), uri: http://www.preventionweb.net/english/hyogo"
25,"Energy use refers to use of primary energy before transformation to other end-use fuels, which is equal to indigenous production plus imports and stock changes, minus exports and fuels supplied to ships and aircraft engaged in international transport.","IEA Energy Statistics Data Browser, International Energy Agency (IEA), uri: https://www.iea.org/data-and-statistics/data-tools/energy-statistics-data-browser, publisher: International Energy Agency (IEA), date accessed: 2025-03-25"
26,"Electric power consumption measures the production of power plants and combined heat and power plants less transmission, distribution, and transformation losses and own use by heat and power plants.","IEA Energy Statistics Data Browser, International Energy Agency (IEA), uri: https://www.iea.org/data-and-statistics/data-tools/energy-statistics-data-browser, publisher: International Energy Agency (IEA), date accessed: 2025-03-25"
27,"Energy use per PPP GDP is the kilogram of oil equivalent of energy use per constant PPP GDP. Energy use refers to use of primary energy before transformation to other end-use fuels, which is equal to indigenous production plus imports and stock changes, minus exports and fuels supplied to ships and aircraft engaged in international transport. PPP GDP is gross domestic product converted to 2021 constant international dollars using purchasing power parity rates. An international dollar has the same purchasing power over GDP as a U.S. dollar has in the United States.","IEA Energy Statistics Data Browser, International Energy Agency (IEA), uri: https://www.iea.org/data-and-statistics/data-tools/energy-statistics-data-browser, publisher: International Energy Agency (IEA), date accessed: 2025-03-25"
28,Renewable energy consumption is the share of renewable energy in total final energy consumption.,"IEA Energy Statistics Data Browser, International Energy Agency (IEA), uri: https://www.iea.org/data-and-statistics/data-tools/energy-statistics-data-browser, publisher: International Energy Agency (IEA), date accessed: 2025-03-25"
29,"The share of electricity production from renewable sources of total electricity production. Electricity production from renewable sources, excluding hydroelectric, includes geothermal, solar, tides, wind, biomass, and biofuels.","IEA Energy Statistics Data Browser, International Energy Agency (IEA), uri: https://www.iea.org/data-and-statistics/data-tools/energy-statistics-data-browser, publisher: International Energy Agency (IEA), date accessed: 2025-03-25"
30,"Electricity production from renewable sources in kilowatt-hour (kWh), excluding hydroelectric, includes geothermal, solar, tides, wind, biomass, and biofuels.","IEA Energy Statistics Data Browser, International Energy Agency (IEA), uri: https://www.iea.org/data-and-statistics/data-tools/energy-statistics-data-browser, publisher: International Energy Agency (IEA), date accessed: 2025-03-25"
31,Renewable electricity is the share of electricity generated by renewable power plants in total electricity generated by all types of plants.,"IEA Energy Statistics Data Browser, International Energy Agency (IEA), uri: https://www.iea.org/data-and-statistics/data-tools/energy-statistics-data-browser, publisher: International Energy Agency (IEA), date accessed: 2025-03-25"
32,The share of electricity production from oil sources of total electricity production. Sources of electricity refer to the inputs used to generate electricity. Oil refers to crude oil and petroleum products.,"IEA Energy Statistics Data Browser, International Energy Agency (IEA), uri: https://www.iea.org/data-and-statistics/data-tools/energy-statistics-data-browser, publisher: International Energy Agency (IEA), date accessed: 2025-03-25"
33,The share of electricity production from nuclear sources of total electricity production. Sources of electricity refer to the inputs used to generate electricity. Nuclear power refers to electricity produced by nuclear power plants.,"IEA Energy Statistics Data Browser, International Energy Agency (IEA), uri: https://www.iea.org/data-and-statistics/data-tools/energy-statistics-data-browser, publisher: International Energy Agency (IEA), date accessed: 2025-03-25"
34,The share of electricity production from natural gas sources of total electricity production. Sources of electricity refer to the inputs used to generate electricity. Gas refers to natural gas but excludes natural gas liquids.,"IEA Energy Statistics Data Browser, International Energy Agency (IEA), uri: https://www.iea.org/data-and-statistics/data-tools/energy-statistics-data-browser, publisher: International Energy Agency (IEA), date accessed: 2025-03-25"
35,The share of electricity production from hydroelectric sources of total electricity production. Sources of electricity refer to the inputs used to generate electricity. Hydropower refers to electricity produced by hydroelectric power plants.,"IEA Energy Statistics Data Browser, International Energy Agency (IEA), uri: https://www.iea.org/data-and-statistics/data-tools/energy-statistics-data-browser, publisher: International Energy Agency (IEA), date accessed: 2025-03-25"
36,"The share of electricity production from coal sources of total electricity production. Sources of electricity refer to the inputs used to generate electricity. Coal refers to all coal and brown coal, both primary (including hard coal and lignite-brown coal) and derived fuels (including patent fuel, coke oven coke, gas coke, coke oven gas, and blast furnace gas). Peat is also included in this category.","IEA Energy Statistics Data Browser, International Energy Agency (IEA), uri: https://www.iea.org/data-and-statistics/data-tools/energy-statistics-data-browser, publisher: International Energy Agency (IEA), date accessed: 2025-03-25"
37,"Access to electricity is the percentage of population with access to electricity. Electrification data are collected from industry, national surveys and international sources.","SDG 7.1.1 Electrification Dataset, World Bank (WB), uri: https://trackingsdg7.esmap.org/downloads, note: Data is downloaded from ESMAP website. Data is released when a new Tracking SDG7 report is released., publisher: World Bank (WB), date accessed: 2024-05-16, date published: 2023"
38,"Foreign direct investment is the net inflows of investment to acquire a lasting management interest (10 percent or more of voting stock) in an enterprise operating in an economy other than that of the investor. It is the sum of equity capital, reinvestment of earnings, other long-term capital, and short-term capital as shown in the balance of payments. This series shows net inflows (new investment inflows less disinvestment) in the reporting economy from foreign investors, and is divided by GDP.","International Financial Statistics and Balance of Payments databases, International Monetary Fund (IMF);
International Debt Statistics, World Bank (WB);
World Bank GDP estimates, World Bank (WB);
OECD GDP estimates, Organisation for Economic Co-operation and Development (OECD)"
39,"Cereal yield, measured as kilograms per hectare of harvested land, includes wheat, rice, maize, barley, oats, rye, millet, sorghum, buckwheat, and mixed grains. Production data on cereals relate to crops harvested for dry grain only. Cereal crops harvested for hay or harvested green for food, feed, or silage and those used for grazing are excluded. The FAO allocates production data to the calendar year in which the bulk of the harvest took place. Most of a crop harvested near the end of a year will be used in the following year.","FAO electronic files and web site, Food and Agriculture Organization of the United Nations (FAO), uri: https://www.fao.org/faostat/en/#data/QCL, publisher: Food and Agriculture Organization of the United Nations (FAO)"
40,Average precipitation is the long-term average in depth (over space and time) of annual precipitation in the country. Precipitation is defined as any kind of water that falls from clouds as a liquid or a solid.,"FAOSTAT, Food and Agriculture Organization of the United Nations (FAO), publisher: Food and Agriculture Organization of the United Nations (FAO)"
41,"Agricultural irrigated land refers to agricultural areas purposely provided with water, including land irrigated by controlled flooding.","FAO electronic files and web site, Food and Agriculture Organization of the United Nations (FAO), uri: https://www.fao.org/faostat/en/#data/RL, publisher: Food and Agriculture Organization of the United Nations (FAO)"
42,"Forest area (% of land area) is the share of total land area that is under natural or planted stands of trees of at least 5 meters in situ, whether productive or not, and excludes tree stands in agricultural production systems (for example, in fruit plantations and agroforestry systems) and trees in urban parks and gardens.","FAOSTAT, Food and Agriculture Organization of the United Nations (FAO), uri: https://www.fao.org/faostat/en/#data/RL, publisher: Food and Agriculture Organization of the United Nations (FAO)"
43,"Forest area is land under natural or planted stands of trees of at least 5 meters in situ, whether productive or not, and excludes tree stands in agricultural production systems (for example, in fruit plantations and agroforestry systems) and trees in urban parks and gardens.","FAOSTAT, Food and Agriculture Organization of the United Nations (FAO), uri: https://www.fao.org/faostat/en/#data/RL, publisher: Food and Agriculture Organization of the United Nations (FAO)"
44,Land area below 5m is the percentage of total land where the elevation is 5 meters or less.,"Low Elevation Coastal Zone (LECZ) Urban-Rural Population and Land Area Estimates, Version 3, Center For International Earth Science Information Network (CIESIN) - Columbia University, uri: https://www.earthdata.nasa.gov/data/catalog/sedac-ciesin-sedac-lecz-urplaev3-3.00, publisher: NASA Socioeconomic Data and Applications Center (SEDAC), date published: 2021"
45,Urban land area below 5m is the percentage of total land where the urban land elevation is 5 meters or less.,"Low Elevation Coastal Zone (LECZ) Urban-Rural Population and Land Area Estimates, Version 3, Center For International Earth Science Information Network (CIESIN) - Columbia University, uri: https://www.earthdata.nasa.gov/data/catalog/sedac-ciesin-sedac-lecz-urplaev3-3.00, publisher: NASA Socioeconomic Data and Applications Center (SEDAC), date published: 2021"
46,Urban land area below 5m is the total urban land area in square kilometers where the elevation is 5 meters or less.,"Low Elevation Coastal Zone (LECZ) Urban-Rural Population and Land Area Estimates, Version 3, Center For International Earth Science Information Network (CIESIN) - Columbia University, uri: https://www.earthdata.nasa.gov/data/catalog/sedac-ciesin-sedac-lecz-urplaev3-3.00, publisher: NASA Socioeconomic Data and Applications Center (SEDAC), date published: 2021"
47,Rural land area below 5m is the percentage of total land where the rural land elevation is 5 meters or less.,"Low Elevation Coastal Zone (LECZ) Urban-Rural Population and Land Area Estimates, Version 3, Center For International Earth Science Information Network (CIESIN) - Columbia University, uri: https://www.earthdata.nasa.gov/data/catalog/sedac-ciesin-sedac-lecz-urplaev3-3.00, publisher: NASA Socioeconomic Data and Applications Center (SEDAC), date published: 2021"
48,Rural land area below 5m is the total rural land area in square kilometers where the elevation is 5 meters or less.,"Low Elevation Coastal Zone (LECZ) Urban-Rural Population and Land Area Estimates, Version 3, Center For International Earth Science Information Network (CIESIN) - Columbia University, uri: https://www.earthdata.nasa.gov/data/catalog/sedac-ciesin-sedac-lecz-urplaev3-3.00, publisher: NASA Socioeconomic Data and Applications Center (SEDAC), date published: 2021"
49,"Arable land includes land defined by the FAO as land under temporary crops (double-cropped areas are counted once), temporary meadows for mowing or for pasture, land under market or kitchen gardens, and land temporarily fallow. Land abandoned as a result of shifting cultivation is excluded.","FAO electronic files and website, Food and Agriculture Organization of the United Nations (FAO), publisher: Food and Agriculture Organization of the United Nations (FAO)"
50,"Agricultural land refers to the share of land area that is arable, under permanent crops, and under permanent pastures. Arable land includes land defined by the FAO as land under temporary crops (double-cropped areas are counted once), temporary meadows for mowing or for pasture, land under market or kitchen gardens, and land temporarily fallow. Land abandoned as a result of shifting cultivation is excluded. Land under permanent crops is land cultivated with crops that occupy the land for long periods and need not be replanted after each harvest, such as cocoa, coffee, and rubber. This category includes land under flowering shrubs, fruit trees, nut trees, and vines, but excludes land under trees grown for wood or timber. Permanent pasture is land used for five or more years for forage, including natural and cultivated crops.","FAO electronic files and web site, Food and Agriculture Organization of the United Nations (FAO), publisher: Food and Agriculture Organization of the United Nations (FAO)"
51,"Agricultural land refers to the land area that is arable, under permanent crops, and under permanent pastures. Arable land includes land defined by the FAO as land under temporary crops (double-cropped areas are counted once), temporary meadows for mowing or for pasture, land under market or kitchen gardens, and land temporarily fallow. Land abandoned as a result of shifting cultivation is excluded. Land under permanent crops is land cultivated with crops that occupy the land for long periods and need not be replanted after each harvest, such as cocoa, coffee, and rubber. This category includes land under flowering shrubs, fruit trees, nut trees, and vines, but excludes land under trees grown for wood or timber. Permanent pasture is land used for five or more years for forage, including natural and cultivated crops.","FAO electronic files and web site, Food and Agriculture Organization of the United Nations (FAO), publisher: Food and Agriculture Organization of the United Nations (FAO)"
